id,season,week,season_type,start_date,completed,neutral_site,conference_game,venue_id,venue,home_id,home_team,home_conference,home_points,away_id,away_team,away_conference,away_points
312440097,2011,1,,,1,,,,L&N Federal Credit Union Stadium,,,,,,,,
312442229,2011,1,,,1,,,,FIU Stadium,,,,,,,,
312440218,2011,1,,,1,,,,Lincoln Financial Field,,,,,,,,
312442649,2011,1,,,1,,,,Glass Bowl,,,,,,,,
312442117,2011,1,,,1,,,,Kelly/Shorts Stadium,,,,,,,,
312440164,2011,1,,,1,,,,High Point Solutions Stadium,,,,,,,,
312440059,2011,1,,,1,,,,Bobby Dodd Stadium,,,,,,,,
312440254,2011,1,,,1,,,,Rice-Eccles Stadium,,,,,,,,
312440183,2011,1,,,1,,,,JMA Wireless Dome,,,,,,,,
312440235,2011,1,,,1,,,,Simmons Bank Liberty Stadium,,,,,,,,
312440275,2011,1,,,1,,,,Camp Randall Stadium,,,,,,,,
312440070,2011,1,,,1,,,,Kibbie Dome,,,,,,,,
312440098,2011,1,,,1,,,,Nissan Stadium,,,,,,,,
312440009,2011,1,,,1,,,,Mountain America Stadium,,,,,,,,
312450127,2011,1,,,1,,,,Spartan Stadium,,,,,,,,
312450239,2011,1,,,1,,,,Floyd Casey Stadium,,,,,,,,
312462294,2011,1,,,1,,,,Kinnick Stadium,,,,,,,,
312460002,2011,1,,,1,,,,Jordan-Hare Stadium,,,,,,,,
312460194,2011,1,,,1,,,,Ohio Stadium,,,,,,,,
312460142,2011,1,,,1,,,,Memorial Stadium,,,,,,,,
312460103,2011,1,,,1,,,,"Alumni Stadium (Chestnut Hill, MA)",,,,,,,,
312462509,2011,1,,,1,,,,Ross-Ade Stadium,,,,,,,,
312460213,2011,1,,,1,,,,Beaver Stadium,,,,,,,,
312460041,2011,1,,,1,,,,Pratt & Whitney Stadium,,,,,,,,
312460333,2011,1,,,1,,,,Bryant-Denny Stadium,,,,,,,,
312460259,2011,1,,,1,,,,Lane Stadium,,,,,,,,
312462655,2011,1,,,1,,,,Caesars Superdome,,,,,,,,
312462005,2011,1,,,1,,,,Falcon Stadium,,,,,,,,
312460356,2011,1,,,1,,,,"Memorial Stadium (Champaign, IL)",,,,,,,,
312460087,2011,1,,,1,,,,Notre Dame Stadium,,,,,,,,
312460153,2011,1,,,1,,,,Kenan Stadium,,,,,,,,
312460130,2011,1,,,1,,,,Michigan Stadium,,,,,,,,
312460030,2011,1,,,1,,,,Los Angeles Memorial Coliseum,,,,,,,,
312460052,2011,1,,,1,,,,Doak Campbell Stadium,,,,,,,,
312460228,2011,1,,,1,,,,"Memorial Stadium (Clemson, SC)",,,,,,,,
312460248,2011,1,,,1,,,,Robertson Stadium,,,,,,,,
312462426,2011,1,,,1,,,,Navy-Marine Corps Memorial Stadium,,,,,,,,
312460158,2011,1,,,1,,,,"Memorial Stadium (Lincoln, NE)",,,,,,,,
312460204,2011,1,,,1,,,,Reser Stadium,,,,,,,,
312460145,2011,1,,,1,,,,Vaught-Hemingway Stadium,,,,,,,,
312460265,2011,1,,,1,,,,Gesa Field,,,,,,,,
312460024,2011,1,,,1,,,,Stanford Stadium,,,,,,,,
312460258,2011,1,,,1,,,,Scott Stadium,,,,,,,,
312460152,2011,1,,,1,,,,Carter-Finley Stadium,,,,,,,,
312460167,2011,1,,,1,,,,University Stadium (NM),,,,,,,,
312460221,2011,1,,,1,,,,Acrisure Stadium,,,,,,,,
312462633,2011,1,,,1,,,,Neyland Stadium,,,,,,,,
312462050,2011,1,,,1,,,,,,,,,,,,
312462306,2011,1,,,1,,,,Bill Snyder Family Stadium,,,,,,,,
312460264,2011,1,,,1,,,,Husky Stadium,,,,,,,,
312462579,2011,1,,,1,,,,,,,,,,,,
312460057,2011,1,,,1,,,,Ben Hill Griffin Stadium,,,,,,,,
312460066,2011,1,,,1,,,,Jack Trice Stadium,,,,,,,,
312462305,2011,1,,,1,,,,Memorial Stadium,,,,,,,,
312462641,2011,1,,,1,,,,Jones AT&T Stadium,,,,,,,,
312460008,2011,1,,,1,,,,Razorback Stadium,,,,,,,,
312462132,2011,1,,,1,,,,Nippert Stadium,,,,,,,,
312460150,2011,1,,,1,,,,Wallace Wade Stadium,,,,,,,,
312462116,2011,1,,,1,,,,FBC Mortgage Stadium,,,,,,,,
312460197,2011,1,,,1,,,,Boone Pickens Stadium,,,,,,,,
312460025,2011,1,,,1,,,,,,,,,,,,
312462459,2011,1,,,1,,,,Huskie Stadium,,,,,,,,
312460238,2011,1,,,1,,,,FirstBank Stadium,,,,,,,,
312460251,2011,1,,,1,,,,DKR-Texas Memorial Stadium,,,,,,,,
312460201,2011,1,,,1,,,,"Memorial Stadium (Norman, OK)",,,,,,,,
312460099,2011,1,,,1,,,,,,,,,,,,
312460061,2011,1,,,1,,,,Georgia Dome,,,,,,,,
312460166,2011,1,,,1,,,,Aggie Memorial Stadium,,,,,,,,
312462638,2011,1,,,1,,,,Sun Bowl,,,,,,,,
312462751,2011,1,,,1,,,,War Memorial Stadium,,,,,,,,
312462572,2011,1,,,1,,,,M. M. Roberts Stadium,,,,,,,,
312460021,2011,1,,,1,,,,Qualcomm Stadium,,,,,,,,
312460012,2011,1,,,1,,,,Arizona Stadium,,,,,,,,
312460062,2011,1,,,1,,,,Aloha Stadium,,,,,,,,
312472199,2011,1,,,1,,,,Rynearson Stadium,,,,,,,,
312470277,2011,1,,,1,,,,Milan Puskar Stadium,,,,,,,,
312470245,2011,1,,,1,,,,Kyle Field,,,,,,,,
312480120,2011,1,,,1,,,,SECU Stadium,,,,,,,,
312510197,2011,2,,,1,,,,Boone Pickens Stadium,,,,,,,,
312520097,2011,2,,,1,,,,L&N Federal Credit Union Stadium,,,,,,,,
312520009,2011,2,,,1,,,,Mountain America Stadium,,,,,,,,
312530349,2011,2,,,1,,,,Michie Stadium,,,,,,,,
312530356,2011,2,,,1,,,,"Memorial Stadium (Champaign, IL)",,,,,,,,
312530127,2011,2,,,1,,,,Spartan Stadium,,,,,,,,
312530066,2011,2,,,1,,,,Jack Trice Stadium,,,,,,,,
312530096,2011,2,,,1,,,,Kroger Field,,,,,,,,
312530275,2011,2,,,1,,,,Camp Randall Stadium,,,,,,,,
312530194,2011,2,,,1,,,,Ohio Stadium,,,,,,,,
312530002,2011,2,,,1,,,,Jordan-Hare Stadium,,,,,,,,
312530153,2011,2,,,1,,,,Kenan Stadium,,,,,,,,
312530277,2011,2,,,1,,,,Milan Puskar Stadium,,,,,,,,
312530221,2011,2,,,1,,,,Acrisure Stadium,,,,,,,,
312532199,2011,2,,,1,,,,Rynearson Stadium,,,,,,,,
312530036,2011,2,,,1,,,,Sonny Lubick Field at Hughes Stadium,,,,,,,,
312530151,2011,2,,,1,,,,Dowdy-Ficklen Stadium,,,,,,,,
312532005,2011,2,,,1,,,,Falcon Stadium,,,,,,,,
312532655,2011,2,,,1,,,,Caesars Superdome,,,,,,,,
312530038,2011,2,,,1,,,,Folsom Field,,,,,,,,
312530154,2011,2,,,1,,,,Allegacy Federal Credit Union Stadium,,,,,,,,
312530135,2011,2,,,1,,,,Huntington Bank Stadium,,,,,,,,
312530276,2011,2,,,1,,,,Joan C. Edwards Stadium,,,,,,,,
312530242,2011,2,,,1,,,,Rice Stadium,,,,,,,,
312530264,2011,2,,,1,,,,Husky Stadium,,,,,,,,
312532633,2011,2,,,1,,,,Neyland Stadium,,,,,,,,
312530228,2011,2,,,1,,,,"Memorial Stadium (Clemson, SC)",,,,,,,,
312530077,2011,2,,,1,,,,Ryan Field,,,,,,,,
312530213,2011,2,,,1,,,,Beaver Stadium,,,,,,,,
312530150,2011,2,,,1,,,,Wallace Wade Stadium,,,,,,,,
312532483,2011,2,,,1,,,,Autzen Stadium,,,,,,,,
312530061,2011,2,,,1,,,,Sanford Stadium,,,,,,,,
312530183,2011,2,,,1,,,,JMA Wireless Dome,,,,,,,,
312530070,2011,2,,,1,,,,Kibbie Dome,,,,,,,,
312530265,2011,2,,,1,,,,Gesa Field,,,,,,,,
312532084,2011,2,,,1,,,,UB Stadium,,,,,,,,
312530145,2011,2,,,1,,,,Vaught-Hemingway Stadium,,,,,,,,
312530052,2011,2,,,1,,,,Doak Campbell Stadium,,,,,,,,
312532751,2011,2,,,1,,,,War Memorial Stadium,,,,,,,,
312532006,2011,2,,,1,,,,InfoCision Stadium,,,,,,,,
312530098,2011,2,,,1,,,,Houchens Industries-L.T. Smith Stadium,,,,,,,,
312530084,2011,2,,,1,,,,"Memorial Stadium (Bloomington, IN)",,,,,,,,
312532567,2011,2,,,1,,,,Gerald J. Ford Stadium,,,,,,,,
312532032,2011,2,,,1,,,,Centennial Bank Stadium,,,,,,,,
312532305,2011,2,,,1,,,,Memorial Stadium,,,,,,,,
312532309,2011,2,,,1,,,,Dix Stadium,,,,,,,,
312532393,2011,2,,,1,,,,"Johnny ""Red"" Floyd Stadium",,,,,,,,
312530249,2011,2,,,1,,,,DATCU Stadium,,,,,,,,
312530008,2011,2,,,1,,,,,,,,,,,,
312532711,2011,2,,,1,,,,Waldo Stadium,,,,,,,,
312532348,2011,2,,,1,,,,Joe Aillet Stadium,,,,,,,,
312530158,2011,2,,,1,,,,"Memorial Stadium (Lincoln, NE)",,,,,,,,
312530057,2011,2,,,1,,,,Ben Hill Griffin Stadium,,,,,,,,
312530058,2011,2,,,1,,,,Raymond James Stadium,,,,,,,,
312530251,2011,2,,,1,,,,DKR-Texas Memorial Stadium,,,,,,,,
312532433,2011,2,,,1,,,,Malone Stadium,,,,,,,,
312530189,2011,2,,,1,,,,Doyt L. Perry Stadium,,,,,,,,
312530195,2011,2,,,1,,,,Peden Stadium,,,,,,,,
312530030,2011,2,,,1,,,,Los Angeles Memorial Coliseum,,,,,,,,
312530238,2011,2,,,1,,,,FirstBank Stadium,,,,,,,,
312530130,2011,2,,,1,,,,Michigan Stadium,,,,,,,,
312532116,2011,2,,,1,,,,FBC Mortgage Stadium,,,,,,,,
312530328,2011,2,,,1,,,,Maverik Stadium,,,,,,,,
312530099,2011,2,,,1,,,,Tiger Stadium (LA),,,,,,,,
312530026,2011,2,,,1,,,,Rose Bowl,,,,,,,,
312580344,2011,3,,,1,,,,Davis Wade Stadium,,,,,,,,
312590041,2011,3,,,1,,,,Pratt & Whitney Stadium,,,,,,,,
312592649,2011,3,,,1,,,,Glass Bowl,,,,,,,,
312602711,2011,3,,,1,,,,Waldo Stadium,,,,,,,,
312600130,2011,3,,,1,,,,Michigan Stadium,,,,,,,,
312600189,2011,3,,,1,,,,Doyt L. Perry Stadium,,,,,,,,
312602294,2011,3,,,1,,,,Kinnick Stadium,,,,,,,,
312600218,2011,3,,,1,,,,Lincoln Financial Field,,,,,,,,
312602509,2011,3,,,1,,,,Ross-Ade Stadium,,,,,,,,
312600228,2011,3,,,1,,,,"Memorial Stadium (Clemson, SC)",,,,,,,,
312600120,2011,3,,,1,,,,SECU Stadium,,,,,,,,
312600238,2011,3,,,1,,,,FirstBank Stadium,,,,,,,,
312600103,2011,3,,,1,,,,"Alumni Stadium (Chestnut Hill, MA)",,,,,,,,
312600059,2011,3,,,1,,,,Bobby Dodd Stadium,,,,,,,,
312600061,2011,3,,,1,,,,Sanford Stadium,,,,,,,,
312600038,2011,3,,,1,,,,,,,,,,,,
312602628,2011,3,,,1,,,,Amon G. Carter Stadium,,,,,,,,
312600167,2011,3,,,1,,,,University Stadium (NM),,,,,,,,
312600084,2011,3,,,1,,,,"Memorial Stadium (Bloomington, IN)",,,,,,,,
312602483,2011,3,,,1,,,,Autzen Stadium,,,,,,,,
312600087,2011,3,,,1,,,,Notre Dame Stadium,,,,,,,,
312600158,2011,3,,,1,,,,"Memorial Stadium (Lincoln, NE)",,,,,,,,
312600057,2011,3,,,1,,,,Ben Hill Griffin Stadium,,,,,,,,
312602459,2011,3,,,1,,,,,,,,,,,,
312600135,2011,3,,,1,,,,Huntington Bank Stadium,,,,,,,,
312600153,2011,3,,,1,,,,Kenan Stadium,,,,,,,,
312602132,2011,3,,,1,,,,Nippert Stadium,,,,,,,,
312600349,2011,3,,,1,,,,Michie Stadium,,,,,,,,
312600026,2011,3,,,1,,,,Rose Bowl,,,,,,,,
312600005,2011,3,,,1,,,,Legion Field,,,,,,,,
312600259,2011,3,,,1,,,,Lane Stadium,,,,,,,,
312600023,2011,3,,,1,,,,CEFCU Stadium,,,,,,,,
312600025,2011,3,,,1,,,,,,,,,,,,
312602229,2011,3,,,1,,,,FIU Stadium,,,,,,,,
312600152,2011,3,,,1,,,,Carter-Finley Stadium,,,,,,,,
312602579,2011,3,,,1,,,,Williams-Brice Stadium,,,,,,,,
312600154,2011,3,,,1,,,,Allegacy Federal Credit Union Stadium,,,,,,,,
312600021,2011,3,,,1,,,,Qualcomm Stadium,,,,,,,,
312600245,2011,3,,,1,,,,Kyle Field,,,,,,,,
312600235,2011,3,,,1,,,,Simmons Bank Liberty Stadium,,,,,,,,
312602572,2011,3,,,1,,,,M. M. Roberts Stadium,,,,,,,,
312600309,2011,3,,,1,,,,Cajun Field,,,,,,,,
312600239,2011,3,,,1,,,,Floyd Casey Stadium,,,,,,,,
312600142,2011,3,,,1,,,,Memorial Stadium,,,,,,,,
312602348,2011,3,,,1,,,,Joe Aillet Stadium,,,,,,,,
312600098,2011,3,,,1,,,,Houchens Industries-L.T. Smith Stadium,,,,,,,,
312600356,2011,3,,,1,,,,"Memorial Stadium (Champaign, IL)",,,,,,,,
312600195,2011,3,,,1,,,,Peden Stadium,,,,,,,,
312600096,2011,3,,,1,,,,Kroger Field,,,,,,,,
312602306,2011,3,,,1,,,,Bill Snyder Family Stadium,,,,,,,,
312602050,2011,3,,,1,,,,Scheumann Stadium,,,,,,,,
312600058,2011,3,,,1,,,,Raymond James Stadium,,,,,,,,
312600008,2011,3,,,1,,,,Razorback Stadium,,,,,,,,
312602390,2011,3,,,1,,,,Hard Rock Stadium,,,,,,,,
312600333,2011,3,,,1,,,,Bryant-Denny Stadium,,,,,,,,
312600030,2011,3,,,1,,,,Los Angeles Memorial Coliseum,,,,,,,,
312602567,2011,3,,,1,,,,Gerald J. Ford Stadium,,,,,,,,
312600166,2011,3,,,1,,,,Aggie Memorial Stadium,,,,,,,,
312600052,2011,3,,,1,,,,Doak Campbell Stadium,,,,,,,,
312600252,2011,3,,,1,,,,LaVell Edwards Stadium,,,,,,,,
312602439,2011,3,,,1,,,,Sam Boyd Stadium,,,,,,,,
312600278,2011,3,,,1,,,,Valley Children's Stadium,,,,,,,,
312600202,2011,3,,,1,,,,Chapman Stadium,,,,,,,,
312600012,2011,3,,,1,,,,Arizona Stadium,,,,,,,,
312652132,2011,4,,,1,,,,Nippert Stadium,,,,,,,,
312660252,2011,4,,,1,,,,LaVell Edwards Stadium,,,,,,,,
312670059,2011,4,,,1,,,,Bobby Dodd Stadium,,,,,,,,
312672294,2011,4,,,1,,,,Kinnick Stadium,,,,,,,,
312670183,2011,4,,,1,,,,JMA Wireless Dome,,,,,,,,
312670127,2011,4,,,1,,,,Spartan Stadium,,,,,,,,
312670130,2011,4,,,1,,,,Michigan Stadium,,,,,,,,
312670235,2011,4,,,1,,,,Simmons Bank Liberty Stadium,,,,,,,,
312670213,2011,4,,,1,,,,Beaver Stadium,,,,,,,,
312670221,2011,4,,,1,,,,Acrisure Stadium,,,,,,,,
312670145,2011,4,,,1,,,,Vaught-Hemingway Stadium,,,,,,,,
312670120,2011,4,,,1,,,,SECU Stadium,,,,,,,,
312670193,2011,4,,,1,,,,Yager Stadium,,,,,,,,
312670103,2011,4,,,1,,,,"Alumni Stadium (Chestnut Hill, MA)",,,,,,,,
312670164,2011,4,,,1,,,,High Point Solutions Stadium,,,,,,,,
312672628,2011,4,,,1,,,,Amon G. Carter Stadium,,,,,,,,
312672006,2011,4,,,1,,,,InfoCision Stadium,,,,,,,,
312672050,2011,4,,,1,,,,Scheumann Stadium,,,,,,,,
312672005,2011,4,,,1,,,,Falcon Stadium,,,,,,,,
312670151,2011,4,,,1,,,,Dowdy-Ficklen Stadium,,,,,,,,
312672459,2011,4,,,1,,,,Huskie Stadium,,,,,,,,
312670275,2011,4,,,1,,,,Camp Randall Stadium,,,,,,,,
312670333,2011,4,,,1,,,,Bryant-Denny Stadium,,,,,,,,
312670150,2011,4,,,1,,,,Wallace Wade Stadium,,,,,,,,
312670264,2011,4,,,1,,,,Husky Stadium,,,,,,,,
312670258,2011,4,,,1,,,,Scott Stadium,,,,,,,,
312670194,2011,4,,,1,,,,Ohio Stadium,,,,,,,,
312670204,2011,4,,,1,,,,Reser Stadium,,,,,,,,
312670356,2011,4,,,1,,,,"Memorial Stadium (Champaign, IL)",,,,,,,,
312672309,2011,4,,,1,,,,Dix Stadium,,,,,,,,
312670245,2011,4,,,1,,,,Kyle Field,,,,,,,,
312670228,2011,4,,,1,,,,"Memorial Stadium (Clemson, SC)",,,,,,,,
312670276,2011,4,,,1,,,,Joan C. Edwards Stadium,,,,,,,,
312672390,2011,4,,,1,,,,Hard Rock Stadium,,,,,,,,
312670023,2011,4,,,1,,,,CEFCU Stadium,,,,,,,,
312672653,2011,4,,,1,,,,Veterans Memorial Stadium (AL),,,,,,,,
312670070,2011,4,,,1,,,,Kibbie Dome,,,,,,,,
312670167,2011,4,,,1,,,,University Stadium (NM),,,,,,,,
312672084,2011,4,,,1,,,,UB Stadium,,,,,,,,
312672229,2011,4,,,1,,,,FIU Stadium,,,,,,,,
312672579,2011,4,,,1,,,,Williams-Brice Stadium,,,,,,,,
312670249,2011,4,,,1,,,,DATCU Stadium,,,,,,,,
312670096,2011,4,,,1,,,,Kroger Field,,,,,,,,
312670239,2011,4,,,1,,,,Floyd Casey Stadium,,,,,,,,
312670058,2011,4,,,1,,,,Raymond James Stadium,,,,,,,,
312670002,2011,4,,,1,,,,Jordan-Hare Stadium,,,,,,,,
312670135,2011,4,,,1,,,,Huntington Bank Stadium,,,,,,,,
312670344,2011,4,,,1,,,,Davis Wade Stadium,,,,,,,,
312672641,2011,4,,,1,,,,Jones AT&T Stadium,,,,,,,,
312672751,2011,4,,,1,,,,War Memorial Stadium,,,,,,,,
312670277,2011,4,,,1,,,,Milan Puskar Stadium,,,,,,,,
312670248,2011,4,,,1,,,,Robertson Stadium,,,,,,,,
312670068,2011,4,,,1,,,,Albertsons Stadium,,,,,,,,
312670328,2011,4,,,1,,,,Maverik Stadium,,,,,,,,
312672032,2011,4,,,1,,,,Centennial Bank Stadium,,,,,,,,
312670201,2011,4,,,1,,,,"Memorial Stadium (Norman, OK)",,,,,,,,
312672439,2011,4,,,1,,,,Sam Boyd Stadium,,,,,,,,
312670009,2011,4,,,1,,,,Mountain America Stadium,,,,,,,,
312670012,2011,4,,,1,,,,Arizona Stadium,,,,,,,,
312670062,2011,4,,,1,,,,Aloha Stadium,,,,,,,,
312722638,2011,5,,,1,,,,Sun Bowl,,,,,,,,
312720221,2011,5,,,1,,,,Acrisure Stadium,,,,,,,,
312730252,2011,5,,,1,,,,LaVell Edwards Stadium,,,,,,,,
312740218,2011,5,,,1,,,,Lincoln Financial Field,,,,,,,,
312742305,2011,5,,,1,,,,Memorial Stadium,,,,,,,,
312742426,2011,5,,,1,,,,Navy-Marine Corps Memorial Stadium,,,,,,,,
312740349,2011,5,,,1,,,,Michie Stadium,,,,,,,,
312740130,2011,5,,,1,,,,Michigan Stadium,,,,,,,,
312740356,2011,5,,,1,,,,"Memorial Stadium (Champaign, IL)",,,,,,,,
312740084,2011,5,,,1,,,,"Memorial Stadium (Bloomington, IN)",,,,,,,,
312740061,2011,5,,,1,,,,Sanford Stadium,,,,,,,,
312740008,2011,5,,,1,,,,,,,,,,,,
312740183,2011,5,,,1,,,,JMA Wireless Dome,,,,,,,,
312740099,2011,5,,,1,,,,Tiger Stadium (LA),,,,,,,,
312742633,2011,5,,,1,,,,Neyland Stadium,,,,,,,,
312740103,2011,5,,,1,,,,"Alumni Stadium (Chestnut Hill, MA)",,,,,,,,
312740193,2011,5,,,1,,,,Yager Stadium,,,,,,,,
312742199,2011,5,,,1,,,,Rynearson Stadium,,,,,,,,
312740195,2011,5,,,1,,,,Peden Stadium,,,,,,,,
312740068,2011,5,,,1,,,,Albertsons Stadium,,,,,,,,
312740030,2011,5,,,1,,,,Los Angeles Memorial Coliseum,,,,,,,,
312742390,2011,5,,,1,,,,Hard Rock Stadium,,,,,,,,
312740041,2011,5,,,1,,,,Pratt & Whitney Stadium,,,,,,,,
312740038,2011,5,,,1,,,,Folsom Field,,,,,,,,
312740097,2011,5,,,1,,,,L&N Federal Credit Union Stadium,,,,,,,,
312740194,2011,5,,,1,,,,Ohio Stadium,,,,,,,,
312740258,2011,5,,,1,,,,Scott Stadium,,,,,,,,
312742117,2011,5,,,1,,,,Kelly/Shorts Stadium,,,,,,,,
312740277,2011,5,,,1,,,,Milan Puskar Stadium,,,,,,,,
312742628,2011,5,,,1,,,,Amon G. Carter Stadium,,,,,,,,
312742306,2011,5,,,1,,,,Bill Snyder Family Stadium,,,,,,,,
312742579,2011,5,,,1,,,,Williams-Brice Stadium,,,,,,,,
312740120,2011,5,,,1,,,,SECU Stadium,,,,,,,,
312740152,2011,5,,,1,,,,Carter-Finley Stadium,,,,,,,,
312740036,2011,5,,,1,,,,Sonny Lubick Field at Hughes Stadium,,,,,,,,
312740098,2011,5,,,1,,,,Houchens Industries-L.T. Smith Stadium,,,,,,,,
312740259,2011,5,,,1,,,,Lane Stadium,,,,,,,,
312740254,2011,5,,,1,,,,Rice-Eccles Stadium,,,,,,,,
312742348,2011,5,,,1,,,,Joe Aillet Stadium,,,,,,,,
312742229,2011,5,,,1,,,,FIU Stadium,,,,,,,,
312742393,2011,5,,,1,,,,"Johnny ""Red"" Floyd Stadium",,,,,,,,
312740309,2011,5,,,1,,,,Cajun Field,,,,,,,,
312742653,2011,5,,,1,,,,Veterans Memorial Stadium (AL),,,,,,,,
312740202,2011,5,,,1,,,,Chapman Stadium,,,,,,,,
312740201,2011,5,,,1,,,,"Memorial Stadium (Norman, OK)",,,,,,,,
312740066,2011,5,,,1,,,,Jack Trice Stadium,,,,,,,,
312742572,2011,5,,,1,,,,M. M. Roberts Stadium,,,,,,,,
312740151,2011,5,,,1,,,,Dowdy-Ficklen Stadium,,,,,,,,
312742509,2011,5,,,1,,,,Ross-Ade Stadium,,,,,,,,
312740167,2011,5,,,1,,,,University Stadium (NM),,,,,,,,
312740057,2011,5,,,1,,,,Ben Hill Griffin Stadium,,,,,,,,
312740275,2011,5,,,1,,,,Camp Randall Stadium,,,,,,,,
312740278,2011,5,,,1,,,,Valley Children's Stadium,,,,,,,,
312740009,2011,5,,,1,,,,Mountain America Stadium,,,,,,,,
312740024,2011,5,,,1,,,,Stanford Stadium,,,,,,,,
312792393,2011,6,,,1,,,,"Johnny ""Red"" Floyd Stadium",,,,,,,,
312792483,2011,6,,,1,,,,Autzen Stadium,,,,,,,,
312800278,2011,6,,,1,,,,Valley Children's Stadium,,,,,,,,
312810277,2011,6,,,1,,,,Milan Puskar Stadium,,,,,,,,
312810153,2011,6,,,1,,,,Kenan Stadium,,,,,,,,
312812509,2011,6,,,1,,,,Ross-Ade Stadium,,,,,,,,
312810005,2011,6,,,1,,,,Legion Field,,,,,,,,
312810251,2011,6,,,1,,,,,,,,,,,,
312810059,2011,6,,,1,,,,Bobby Dodd Stadium,,,,,,,,
312812579,2011,6,,,1,,,,Williams-Brice Stadium,,,,,,,,
312810154,2011,6,,,1,,,,Allegacy Federal Credit Union Stadium,,,,,,,,
312810242,2011,6,,,1,,,,Rice Stadium,,,,,,,,
312810193,2011,6,,,1,,,,Yager Stadium,,,,,,,,
312812006,2011,6,,,1,,,,InfoCision Stadium,,,,,,,,
312812711,2011,6,,,1,,,,Waldo Stadium,,,,,,,,
312812050,2011,6,,,1,,,,Scheumann Stadium,,,,,,,,
312810084,2011,6,,,1,,,,"Memorial Stadium (Bloomington, IN)",,,,,,,,
312812649,2011,6,,,1,,,,Glass Bowl,,,,,,,,
312810228,2011,6,,,1,,,,"Memorial Stadium (Clemson, SC)",,,,,,,,
312812084,2011,6,,,1,,,,UB Stadium,,,,,,,,
312810213,2011,6,,,1,,,,Beaver Stadium,,,,,,,,
312810152,2011,6,,,1,,,,Carter-Finley Stadium,,,,,,,,
312810204,2011,6,,,1,,,,Reser Stadium,,,,,,,,
312810087,2011,6,,,1,,,,Notre Dame Stadium,,,,,,,,
312810099,2011,6,,,1,,,,Tiger Stadium (LA),,,,,,,,
312810197,2011,6,,,1,,,,Boone Pickens Stadium,,,,,,,,
312812306,2011,6,,,1,,,,Bill Snyder Family Stadium,,,,,,,,
312810259,2011,6,,,1,,,,Lane Stadium,,,,,,,,
312810254,2011,6,,,1,,,,Rice-Eccles Stadium,,,,,,,,
312810164,2011,6,,,1,,,,High Point Solutions Stadium,,,,,,,,
312812459,2011,6,,,1,,,,Huskie Stadium,,,,,,,,
312812426,2011,6,,,1,,,,Navy-Marine Corps Memorial Stadium,,,,,,,,
312810070,2011,6,,,1,,,,Kibbie Dome,,,,,,,,
312810248,2011,6,,,1,,,,Robertson Stadium,,,,,,,,
312812116,2011,6,,,1,,,,FBC Mortgage Stadium,,,,,,,,
312812633,2011,6,,,1,,,,Neyland Stadium,,,,,,,,
312812433,2011,6,,,1,,,,Malone Stadium,,,,,,,,
312812440,2011,6,,,1,,,,Mackay Stadium,,,,,,,,
312810309,2011,6,,,1,,,,Cajun Field,,,,,,,,
312810239,2011,6,,,1,,,,Floyd Casey Stadium,,,,,,,,
312810077,2011,6,,,1,,,,Ryan Field,,,,,,,,
312810008,2011,6,,,1,,,,Razorback Stadium,,,,,,,,
312812641,2011,6,,,1,,,,Jones AT&T Stadium,,,,,,,,
312810333,2011,6,,,1,,,,Bryant-Denny Stadium,,,,,,,,
312810024,2011,6,,,1,,,,Stanford Stadium,,,,,,,,
312810249,2011,6,,,1,,,,DATCU Stadium,,,,,,,,
312810158,2011,6,,,1,,,,"Memorial Stadium (Lincoln, NE)",,,,,,,,
312810328,2011,6,,,1,,,,Maverik Stadium,,,,,,,,
312812655,2011,6,,,1,,,,Caesars Superdome,,,,,,,,
312810252,2011,6,,,1,,,,LaVell Edwards Stadium,,,,,,,,
312810021,2011,6,,,1,,,,Qualcomm Stadium,,,,,,,,
312810026,2011,6,,,1,,,,Rose Bowl,,,,,,,,
312862005,2011,7,,,1,,,,Falcon Stadium,,,,,,,,
312860025,2011,7,,,1,,,,,,,,,,,,
312870023,2011,7,,,1,,,,CEFCU Stadium,,,,,,,,
312880245,2011,7,,,1,,,,Kyle Field,,,,,,,,
312880275,2011,7,,,1,,,,Camp Randall Stadium,,,,,,,,
312880213,2011,7,,,1,,,,Beaver Stadium,,,,,,,,
312880221,2011,7,,,1,,,,Acrisure Stadium,,,,,,,,
312882132,2011,7,,,1,,,,,,,,,,,,
312880189,2011,7,,,1,,,,Doyt L. Perry Stadium,,,,,,,,
312880127,2011,7,,,1,,,,Spartan Stadium,,,,,,,,
312880344,2011,7,,,1,,,,Davis Wade Stadium,,,,,,,,
312880153,2011,7,,,1,,,,Kenan Stadium,,,,,,,,
312880218,2011,7,,,1,,,,Lincoln Financial Field,,,,,,,,
312880142,2011,7,,,1,,,,Memorial Stadium,,,,,,,,
312880164,2011,7,,,1,,,,High Point Solutions Stadium,,,,,,,,
312882751,2011,7,,,1,,,,War Memorial Stadium,,,,,,,,
312882117,2011,7,,,1,,,,Kelly/Shorts Stadium,,,,,,,,
312880276,2011,7,,,1,,,,Joan C. Edwards Stadium,,,,,,,,
312880150,2011,7,,,1,,,,Wallace Wade Stadium,,,,,,,,
312880195,2011,7,,,1,,,,Peden Stadium,,,,,,,,
312880264,2011,7,,,1,,,,Husky Stadium,,,,,,,,
312882459,2011,7,,,1,,,,Huskie Stadium,,,,,,,,
312882655,2011,7,,,1,,,,Caesars Superdome,,,,,,,,
312882567,2011,7,,,1,,,,Gerald J. Ford Stadium,,,,,,,,
312880041,2011,7,,,1,,,,Pratt & Whitney Stadium,,,,,,,,
312882309,2011,7,,,1,,,,Dix Stadium,,,,,,,,
312880251,2011,7,,,1,,,,DKR-Texas Memorial Stadium,,,,,,,,
312880258,2011,7,,,1,,,,Scott Stadium,,,,,,,,
312882633,2011,7,,,1,,,,Neyland Stadium,,,,,,,,
312880356,2011,7,,,1,,,,"Memorial Stadium (Champaign, IL)",,,,,,,,
312880204,2011,7,,,1,,,,Reser Stadium,,,,,,,,
312882226,2011,7,,,1,,,,FAU Stadium,,,,,,,,
312882440,2011,7,,,1,,,,Mackay Stadium,,,,,,,,
312880309,2011,7,,,1,,,,Cajun Field,,,,,,,,
312880036,2011,7,,,1,,,,Sonny Lubick Field at Hughes Stadium,,,,,,,,
312880145,2011,7,,,1,,,,Vaught-Hemingway Stadium,,,,,,,,
312880154,2011,7,,,1,,,,Allegacy Federal Credit Union Stadium,,,,,,,,
312882294,2011,7,,,1,,,,Kinnick Stadium,,,,,,,,
312882641,2011,7,,,1,,,,Jones AT&T Stadium,,,,,,,,
312880002,2011,7,,,1,,,,Jordan-Hare Stadium,,,,,,,,
312880120,2011,7,,,1,,,,SECU Stadium,,,,,,,,
312880238,2011,7,,,1,,,,FirstBank Stadium,,,,,,,,
312880235,2011,7,,,1,,,,Simmons Bank Liberty Stadium,,,,,,,,
312882653,2011,7,,,1,,,,Veterans Memorial Stadium (AL),,,,,,,,
312880265,2011,7,,,1,,,,Gesa Field,,,,,,,,
312880166,2011,7,,,1,,,,Aggie Memorial Stadium,,,,,,,,
312880202,2011,7,,,1,,,,Chapman Stadium,,,,,,,,
312882305,2011,7,,,1,,,,Memorial Stadium,,,,,,,,
312880278,2011,7,,,1,,,,Valley Children's Stadium,,,,,,,,
312882483,2011,7,,,1,,,,Autzen Stadium,,,,,,,,
312912032,2011,8,,,1,,,,Centennial Bank Stadium,,,,,,,,
312930005,2011,8,,,1,,,,Legion Field,,,,,,,,
312930012,2011,8,,,1,,,,Arizona Stadium,,,,,,,,
312940183,2011,8,,,1,,,,JMA Wireless Dome,,,,,,,,
312940097,2011,8,,,1,,,,L&N Federal Credit Union Stadium,,,,,,,,
312950058,2011,8,,,1,,,,Raymond James Stadium,,,,,,,,
312950096,2011,8,,,1,,,,Kroger Field,,,,,,,,
312952084,2011,8,,,1,,,,UB Stadium,,,,,,,,
312950142,2011,8,,,1,,,,Memorial Stadium,,,,,,,,
312950228,2011,8,,,1,,,,"Memorial Stadium (Clemson, SC)",,,,,,,,
312952509,2011,8,,,1,,,,Ross-Ade Stadium,,,,,,,,
312952294,2011,8,,,1,,,,Kinnick Stadium,,,,,,,,
312952305,2011,8,,,1,,,,Memorial Stadium,,,,,,,,
312950145,2011,8,,,1,,,,Vaught-Hemingway Stadium,,,,,,,,
312950150,2011,8,,,1,,,,Wallace Wade Stadium,,,,,,,,
312952199,2011,8,,,1,,,,Rynearson Stadium,,,,,,,,
312952050,2011,8,,,1,,,,Scheumann Stadium,,,,,,,,
312952628,2011,8,,,1,,,,Amon G. Carter Stadium,,,,,,,,
312950259,2011,8,,,1,,,,Lane Stadium,,,,,,,,
312950328,2011,8,,,1,,,,Maverik Stadium,,,,,,,,
312950252,2011,8,,,1,,,,LaVell Edwards Stadium,,,,,,,,
312950052,2011,8,,,1,,,,Doak Campbell Stadium,,,,,,,,
312950068,2011,8,,,1,,,,Albertsons Stadium,,,,,,,,
312952390,2011,8,,,1,,,,Hard Rock Stadium,,,,,,,,
312950066,2011,8,,,1,,,,Jack Trice Stadium,,,,,,,,
312950135,2011,8,,,1,,,,Huntington Bank Stadium,,,,,,,,
312950099,2011,8,,,1,,,,Tiger Stadium (LA),,,,,,,,
312950038,2011,8,,,1,,,,Folsom Field,,,,,,,,
312952006,2011,8,,,1,,,,InfoCision Stadium,,,,,,,,
312952655,2011,8,,,1,,,,Caesars Superdome,,,,,,,,
312950189,2011,8,,,1,,,,Doyt L. Perry Stadium,,,,,,,,
312950258,2011,8,,,1,,,,Scott Stadium,,,,,,,,
312952426,2011,8,,,1,,,,Navy-Marine Corps Memorial Stadium,,,,,,,,
312950098,2011,8,,,1,,,,Houchens Industries-L.T. Smith Stadium,,,,,,,,
312952440,2011,8,,,1,,,,Mackay Stadium,,,,,,,,
312950248,2011,8,,,1,,,,Robertson Stadium,,,,,,,,
312950249,2011,8,,,1,,,,DATCU Stadium,,,,,,,,
312950238,2011,8,,,1,,,,FirstBank Stadium,,,,,,,,
312950025,2011,8,,,1,,,,,,,,,,,,
312950242,2011,8,,,1,,,,Rice Stadium,,,,,,,,
312952649,2011,8,,,1,,,,Glass Bowl,,,,,,,,
312950077,2011,8,,,1,,,,Ryan Field,,,,,,,,
312950333,2011,8,,,1,,,,Bryant-Denny Stadium,,,,,,,,
312950087,2011,8,,,1,,,,Notre Dame Stadium,,,,,,,,
312952572,2011,8,,,1,,,,M. M. Roberts Stadium,,,,,,,,
312952226,2011,8,,,1,,,,FAU Stadium,,,,,,,,
312952638,2011,8,,,1,,,,Sun Bowl,,,,,,,,
312950127,2011,8,,,1,,,,Spartan Stadium,,,,,,,,
312950024,2011,8,,,1,,,,Stanford Stadium,,,,,,,,
312950201,2011,8,,,1,,,,"Memorial Stadium (Norman, OK)",,,,,,,,
312950265,2011,8,,,1,,,,,,,,,,,,
312950062,2011,8,,,1,,,,Aloha Stadium,,,,,,,,
312982229,2011,9,,,1,,,,FIU Stadium,,,,,,,,
312990221,2011,9,,,1,,,,Acrisure Stadium,,,,,,,,
313000248,2011,9,,,1,,,,Robertson Stadium,,,,,,,,
313002390,2011,9,,,1,,,,Hard Rock Stadium,,,,,,,,
313012628,2011,9,,,1,,,,,,,,,,,,
313020084,2011,9,,,1,,,,"Memorial Stadium (Bloomington, IN)",,,,,,,,
313020097,2011,9,,,1,,,,L&N Federal Credit Union Stadium,,,,,,,,
313022006,2011,9,,,1,,,,InfoCision Stadium,,,,,,,,
313020276,2011,9,,,1,,,,Joan C. Edwards Stadium,,,,,,,,
313020158,2011,9,,,1,,,,"Memorial Stadium (Lincoln, NE)",,,,,,,,
313020130,2011,9,,,1,,,,Michigan Stadium,,,,,,,,
313020245,2011,9,,,1,,,,Kyle Field,,,,,,,,
313020052,2011,9,,,1,,,,Doak Campbell Stadium,,,,,,,,
313020238,2011,9,,,1,,,,FirstBank Stadium,,,,,,,,
313020150,2011,9,,,1,,,,Wallace Wade Stadium,,,,,,,,
313022309,2011,9,,,1,,,,Dix Stadium,,,,,,,,
313020167,2011,9,,,1,,,,University Stadium (NM),,,,,,,,
313022711,2011,9,,,1,,,,Waldo Stadium,,,,,,,,
313020120,2011,9,,,1,,,,SECU Stadium,,,,,,,,
313022483,2011,9,,,1,,,,Autzen Stadium,,,,,,,,
313022433,2011,9,,,1,,,,Malone Stadium,,,,,,,,
313020153,2011,9,,,1,,,,Kenan Stadium,,,,,,,,
313020151,2011,9,,,1,,,,Dowdy-Ficklen Stadium,,,,,,,,
313020202,2011,9,,,1,,,,Chapman Stadium,,,,,,,,
313020193,2011,9,,,1,,,,Yager Stadium,,,,,,,,
313020087,2011,9,,,1,,,,Notre Dame Stadium,,,,,,,,
313020135,2011,9,,,1,,,,Huntington Bank Stadium,,,,,,,,
313020197,2011,9,,,1,,,,Boone Pickens Stadium,,,,,,,,
313020164,2011,9,,,1,,,,High Point Solutions Stadium,,,,,,,,
313020057,2011,9,,,1,,,,,,,,,,,,
313020213,2011,9,,,1,,,,Beaver Stadium,,,,,,,,
313022306,2011,9,,,1,,,,Bill Snyder Family Stadium,,,,,,,,
313020349,2011,9,,,1,,,,Michie Stadium,,,,,,,,
313022348,2011,9,,,1,,,,Joe Aillet Stadium,,,,,,,,
313022116,2011,9,,,1,,,,FBC Mortgage Stadium,,,,,,,,
313020070,2011,9,,,1,,,,Kibbie Dome,,,,,,,,
313022439,2011,9,,,1,,,,Sam Boyd Stadium,,,,,,,,
313020009,2011,9,,,1,,,,Mountain America Stadium,,,,,,,,
313022032,2011,9,,,1,,,,Centennial Bank Stadium,,,,,,,,
313020254,2011,9,,,1,,,,Rice-Eccles Stadium,,,,,,,,
313020096,2011,9,,,1,,,,Kroger Field,,,,,,,,
313020251,2011,9,,,1,,,,DKR-Texas Memorial Stadium,,,,,,,,
313020002,2011,9,,,1,,,,Jordan-Hare Stadium,,,,,,,,
313022641,2011,9,,,1,,,,Jones AT&T Stadium,,,,,,,,
313020026,2011,9,,,1,,,,Rose Bowl,,,,,,,,
313022633,2011,9,,,1,,,,Neyland Stadium,,,,,,,,
313022393,2011,9,,,1,,,,"Johnny ""Red"" Floyd Stadium",,,,,,,,
313020166,2011,9,,,1,,,,Aggie Memorial Stadium,,,,,,,,
313022638,2011,9,,,1,,,,Sun Bowl,,,,,,,,
313020030,2011,9,,,1,,,,Los Angeles Memorial Coliseum,,,,,,,,
313020059,2011,9,,,1,,,,Bobby Dodd Stadium,,,,,,,,
313020194,2011,9,,,1,,,,Ohio Stadium,,,,,,,,
313020021,2011,9,,,1,,,,Qualcomm Stadium,,,,,,,,
313020264,2011,9,,,1,,,,Husky Stadium,,,,,,,,
313052649,2011,10,,,1,,,,Glass Bowl,,,,,,,,
313060195,2011,10,,,1,,,,Peden Stadium,,,,,,,,
313070193,2011,10,,,1,,,,Yager Stadium,,,,,,,,
313072116,2011,10,,,1,,,,FBC Mortgage Stadium,,,,,,,,
313070103,2011,10,,,1,,,,"Alumni Stadium (Chestnut Hill, MA)",,,,,,,,
313082309,2011,10,,,1,,,,Dix Stadium,,,,,,,,
313080038,2011,10,,,1,,,,Folsom Field,,,,,,,,
313090251,2011,10,,,1,,,,DKR-Texas Memorial Stadium,,,,,,,,
313092294,2011,10,,,1,,,,Kinnick Stadium,,,,,,,,
313090127,2011,10,,,1,,,,Spartan Stadium,,,,,,,,
313090194,2011,10,,,1,,,,Ohio Stadium,,,,,,,,
313090277,2011,10,,,1,,,,Milan Puskar Stadium,,,,,,,,
313092199,2011,10,,,1,,,,Rynearson Stadium,,,,,,,,
313090041,2011,10,,,1,,,,Pratt & Whitney Stadium,,,,,,,,
313090057,2011,10,,,1,,,,Ben Hill Griffin Stadium,,,,,,,,
313090061,2011,10,,,1,,,,Sanford Stadium,,,,,,,,
313090152,2011,10,,,1,,,,Carter-Finley Stadium,,,,,,,,
313090120,2011,10,,,1,,,,SECU Stadium,,,,,,,,
313090066,2011,10,,,1,,,,Jack Trice Stadium,,,,,,,,
313092751,2011,10,,,1,,,,War Memorial Stadium,,,,,,,,
313092567,2011,10,,,1,,,,Gerald J. Ford Stadium,,,,,,,,
313092390,2011,10,,,1,,,,Hard Rock Stadium,,,,,,,,
313090309,2011,10,,,1,,,,Cajun Field,,,,,,,,
313090204,2011,10,,,1,,,,Reser Stadium,,,,,,,,
313090275,2011,10,,,1,,,,Camp Randall Stadium,,,,,,,,
313090158,2011,10,,,1,,,,"Memorial Stadium (Lincoln, NE)",,,,,,,,
313090201,2011,10,,,1,,,,"Memorial Stadium (Norman, OK)",,,,,,,,
313092005,2011,10,,,1,,,,Falcon Stadium,,,,,,,,
313090096,2011,10,,,1,,,,Kroger Field,,,,,,,,
313090242,2011,10,,,1,,,,Rice Stadium,,,,,,,,
313092426,2011,10,,,1,,,,Navy-Marine Corps Memorial Stadium,,,,,,,,
313090098,2011,10,,,1,,,,Houchens Industries-L.T. Smith Stadium,,,,,,,,
313090151,2011,10,,,1,,,,Dowdy-Ficklen Stadium,,,,,,,,
313090023,2011,10,,,1,,,,CEFCU Stadium,,,,,,,,
313092226,2011,10,,,1,,,,FAU Stadium,,,,,,,,
313090025,2011,10,,,1,,,,,,,,,,,,
313090164,2011,10,,,1,,,,High Point Solutions Stadium,,,,,,,,
313090239,2011,10,,,1,,,,Floyd Casey Stadium,,,,,,,,
313090012,2011,10,,,1,,,,Arizona Stadium,,,,,,,,
313090221,2011,10,,,1,,,,Acrisure Stadium,,,,,,,,
313092633,2011,10,,,1,,,,Neyland Stadium,,,,,,,,
313090005,2011,10,,,1,,,,Legion Field,,,,,,,,
313090008,2011,10,,,1,,,,Razorback Stadium,,,,,,,,
313090026,2011,10,,,1,,,,Rose Bowl,,,,,,,,
313090344,2011,10,,,1,,,,Davis Wade Stadium,,,,,,,,
313090333,2011,10,,,1,,,,Bryant-Denny Stadium,,,,,,,,
313090154,2011,10,,,1,,,,Allegacy Federal Credit Union Stadium,,,,,,,,
313090197,2011,10,,,1,,,,Boone Pickens Stadium,,,,,,,,
313090021,2011,10,,,1,,,,Qualcomm Stadium,,,,,,,,
313090278,2011,10,,,1,,,,Valley Children's Stadium,,,,,,,,
313090264,2011,10,,,1,,,,Husky Stadium,,,,,,,,
313092439,2011,10,,,1,,,,Sam Boyd Stadium,,,,,,,,
313090062,2011,10,,,1,,,,Aloha Stadium,,,,,,,,
313120189,2011,11,,,1,,,,Doyt L. Perry Stadium,,,,,,,,
313122649,2011,11,,,1,,,,Glass Bowl,,,,,,,,
313130218,2011,11,,,1,,,,Lincoln Financial Field,,,,,,,,
313142117,2011,11,,,1,,,,Kelly/Shorts Stadium,,,,,,,,
313140059,2011,11,,,1,,,,Bobby Dodd Stadium,,,,,,,,
313142655,2011,11,,,1,,,,Caesars Superdome,,,,,,,,
313150183,2011,11,,,1,,,,JMA Wireless Dome,,,,,,,,
313162509,2011,11,,,1,,,,Ross-Ade Stadium,,,,,,,,
313160097,2011,11,,,1,,,,L&N Federal Credit Union Stadium,,,,,,,,
313160077,2011,11,,,1,,,,Ryan Field,,,,,,,,
313162294,2011,11,,,1,,,,Kinnick Stadium,,,,,,,,
313162132,2011,11,,,1,,,,,,,,,,,,
313160202,2011,11,,,1,,,,Chapman Stadium,,,,,,,,
313160213,2011,11,,,1,,,,Beaver Stadium,,,,,,,,
313162579,2011,11,,,1,,,,Williams-Brice Stadium,,,,,,,,
313162641,2011,11,,,1,,,,Jones AT&T Stadium,,,,,,,,
313160228,2011,11,,,1,,,,"Memorial Stadium (Clemson, SC)",,,,,,,,
313160142,2011,11,,,1,,,,Memorial Stadium,,,,,,,,
313160238,2011,11,,,1,,,,FirstBank Stadium,,,,,,,,
313160103,2011,11,,,1,,,,"Alumni Stadium (Chestnut Hill, MA)",,,,,,,,
313162653,2011,11,,,1,,,,Veterans Memorial Stadium (AL),,,,,,,,
313162199,2011,11,,,1,,,,Rynearson Stadium,,,,,,,,
313162005,2011,11,,,1,,,,Falcon Stadium,,,,,,,,
313162305,2011,11,,,1,,,,Memorial Stadium,,,,,,,,
313162006,2011,11,,,1,,,,InfoCision Stadium,,,,,,,,
313160038,2011,11,,,1,,,,Folsom Field,,,,,,,,
313160328,2011,11,,,1,,,,Maverik Stadium,,,,,,,,
313160258,2011,11,,,1,,,,Scott Stadium,,,,,,,,
313162032,2011,11,,,1,,,,Centennial Bank Stadium,,,,,,,,
313162433,2011,11,,,1,,,,Malone Stadium,,,,,,,,
313160061,2011,11,,,1,,,,Sanford Stadium,,,,,,,,
313162306,2011,11,,,1,,,,Bill Snyder Family Stadium,,,,,,,,
313160135,2011,11,,,1,,,,Huntington Bank Stadium,,,,,,,,
313160356,2011,11,,,1,,,,"Memorial Stadium (Champaign, IL)",,,,,,,,
313160349,2011,11,,,1,,,,,,,,,,,,
313162567,2011,11,,,1,,,,Gerald J. Ford Stadium,,,,,,,,
313160052,2011,11,,,1,,,,Doak Campbell Stadium,,,,,,,,
313160068,2011,11,,,1,,,,Albertsons Stadium,,,,,,,,
313160030,2011,11,,,1,,,,Los Angeles Memorial Coliseum,,,,,,,,
313160235,2011,11,,,1,,,,Simmons Bank Liberty Stadium,,,,,,,,
313160036,2011,11,,,1,,,,Sonny Lubick Field at Hughes Stadium,,,,,,,,
313160008,2011,11,,,1,,,,Razorback Stadium,,,,,,,,
313162229,2011,11,,,1,,,,FIU Stadium,,,,,,,,
313160254,2011,11,,,1,,,,Rice-Eccles Stadium,,,,,,,,
313160025,2011,11,,,1,,,,,,,,,,,,
313160099,2011,11,,,1,,,,Tiger Stadium (LA),,,,,,,,
313160087,2011,11,,,1,,,,,,,,,,,,
313160145,2011,11,,,1,,,,Vaught-Hemingway Stadium,,,,,,,,
313160344,2011,11,,,1,,,,Davis Wade Stadium,,,,,,,,
313162572,2011,11,,,1,,,,M. M. Roberts Stadium,,,,,,,,
313162638,2011,11,,,1,,,,Sun Bowl,,,,,,,,
313160166,2011,11,,,1,,,,Aggie Memorial Stadium,,,,,,,,
313160024,2011,11,,,1,,,,Stanford Stadium,,,,,,,,
313160252,2011,11,,,1,,,,LaVell Edwards Stadium,,,,,,,,
313160167,2011,11,,,1,,,,University Stadium (NM),,,,,,,,
313162440,2011,11,,,1,,,,Mackay Stadium,,,,,,,,
313160265,2011,11,,,1,,,,Gesa Field,,,,,,,,
313192459,2011,12,,,1,,,,Huskie Stadium,,,,,,,,
313200193,2011,12,,,1,,,,Yager Stadium,,,,,,,,
313200189,2011,12,,,1,,,,Doyt L. Perry Stadium,,,,,,,,
313210259,2011,12,,,1,,,,Lane Stadium,,,,,,,,
313210005,2011,12,,,1,,,,Legion Field,,,,,,,,
313210235,2011,12,,,1,,,,,,,,,,,,
313220066,2011,12,,,1,,,,Jack Trice Stadium,,,,,,,,
313222117,2011,12,,,1,,,,Kelly/Shorts Stadium,,,,,,,,
313232084,2011,12,,,1,,,,UB Stadium,,,,,,,,
313230164,2011,12,,,1,,,,High Point Solutions Stadium,,,,,,,,
313232579,2011,12,,,1,,,,Williams-Brice Stadium,,,,,,,,
313230077,2011,12,,,1,,,,Ryan Field,,,,,,,,
313230245,2011,12,,,1,,,,Kyle Field,,,,,,,,
313232509,2011,12,,,1,,,,Ross-Ade Stadium,,,,,,,,
313230127,2011,12,,,1,,,,Spartan Stadium,,,,,,,,
313230130,2011,12,,,1,,,,Michigan Stadium,,,,,,,,
313230356,2011,12,,,1,,,,"Memorial Stadium (Champaign, IL)",,,,,,,,
313230041,2011,12,,,1,,,,Pratt & Whitney Stadium,,,,,,,,
313230061,2011,12,,,1,,,,Sanford Stadium,,,,,,,,
313230150,2011,12,,,1,,,,Wallace Wade Stadium,,,,,,,,
313232309,2011,12,,,1,,,,Dix Stadium,,,,,,,,
313230218,2011,12,,,1,,,,Lincoln Financial Field,,,,,,,,
313230002,2011,12,,,1,,,,Jordan-Hare Stadium,,,,,,,,
313230057,2011,12,,,1,,,,Ben Hill Griffin Stadium,,,,,,,,
313232751,2011,12,,,1,,,,War Memorial Stadium,,,,,,,,
313230333,2011,12,,,1,,,,Bryant-Denny Stadium,,,,,,,,
313232638,2011,12,,,1,,,,Sun Bowl,,,,,,,,
313232393,2011,12,,,1,,,,"Johnny ""Red"" Floyd Stadium",,,,,,,,
313230154,2011,12,,,1,,,,Allegacy Federal Credit Union Stadium,,,,,,,,
313230242,2011,12,,,1,,,,Rice Stadium,,,,,,,,
313230194,2011,12,,,1,,,,Ohio Stadium,,,,,,,,
313232628,2011,12,,,1,,,,Amon G. Carter Stadium,,,,,,,,
313230248,2011,12,,,1,,,,Robertson Stadium,,,,,,,,
313232653,2011,12,,,1,,,,Veterans Memorial Stadium (AL),,,,,,,,
313230152,2011,12,,,1,,,,Carter-Finley Stadium,,,,,,,,
313230008,2011,12,,,1,,,,,,,,,,,,
313230142,2011,12,,,1,,,,Memorial Stadium,,,,,,,,
313230204,2011,12,,,1,,,,Reser Stadium,,,,,,,,
313230058,2011,12,,,1,,,,Raymond James Stadium,,,,,,,,
313230023,2011,12,,,1,,,,CEFCU Stadium,,,,,,,,
313230087,2011,12,,,1,,,,Notre Dame Stadium,,,,,,,,
313232440,2011,12,,,1,,,,Mackay Stadium,,,,,,,,
313230265,2011,12,,,1,,,,Gesa Field,,,,,,,,
313232433,2011,12,,,1,,,,Malone Stadium,,,,,,,,
313230070,2011,12,,,1,,,,Kibbie Dome,,,,,,,,
313232005,2011,12,,,1,,,,Falcon Stadium,,,,,,,,
313230151,2011,12,,,1,,,,Dowdy-Ficklen Stadium,,,,,,,,
313230249,2011,12,,,1,,,,DATCU Stadium,,,,,,,,
313232633,2011,12,,,1,,,,Neyland Stadium,,,,,,,,
313230145,2011,12,,,1,,,,Vaught-Hemingway Stadium,,,,,,,,
313230026,2011,12,,,1,,,,Rose Bowl,,,,,,,,
313230052,2011,12,,,1,,,,Doak Campbell Stadium,,,,,,,,
313232483,2011,12,,,1,,,,Autzen Stadium,,,,,,,,
313230021,2011,12,,,1,,,,Qualcomm Stadium,,,,,,,,
313230251,2011,12,,,1,,,,DKR-Texas Memorial Stadium,,,,,,,,
313230239,2011,12,,,1,,,,Floyd Casey Stadium,,,,,,,,
313230009,2011,12,,,1,,,,Mountain America Stadium,,,,,,,,
313230252,2011,12,,,1,,,,LaVell Edwards Stadium,,,,,,,,
313230024,2011,12,,,1,,,,Stanford Stadium,,,,,,,,
313230062,2011,12,,,1,,,,Aloha Stadium,,,,,,,,
313260195,2011,13,,,1,,,,Peden Stadium,,,,,,,,
313280245,2011,13,,,1,,,,Kyle Field,,,,,,,,
313282459,2011,13,,,1,,,,Huskie Stadium,,,,,,,,
313290058,2011,13,,,1,,,,Raymond James Stadium,,,,,,,,
313280218,2011,13,,,1,,,,Lincoln Financial Field,,,,,,,,
313292084,2011,13,,,1,,,,UB Stadium,,,,,,,,
313290202,2011,13,,,1,,,,Chapman Stadium,,,,,,,,
313290158,2011,13,,,1,,,,"Memorial Stadium (Lincoln, NE)",,,,,,,,
313292711,2011,13,,,1,,,,Waldo Stadium,,,,,,,,
313282050,2011,13,,,1,,,,Scheumann Stadium,,,,,,,,
313290099,2011,13,,,1,,,,Tiger Stadium (LA),,,,,,,,
313290254,2011,13,,,1,,,,Rice-Eccles Stadium,,,,,,,,
313292390,2011,13,,,1,,,,Hard Rock Stadium,,,,,,,,
313290277,2011,13,,,1,,,,Milan Puskar Stadium,,,,,,,,
313292116,2011,13,,,1,,,,FBC Mortgage Stadium,,,,,,,,
313290009,2011,13,,,1,,,,Mountain America Stadium,,,,,,,,
313300183,2011,13,,,1,,,,JMA Wireless Dome,,,,,,,,
313302567,2011,13,,,1,,,,Gerald J. Ford Stadium,,,,,,,,
313300041,2011,13,,,1,,,,Pratt & Whitney Stadium,,,,,,,,
313300201,2011,13,,,1,,,,"Memorial Stadium (Norman, OK)",,,,,,,,
313300059,2011,13,,,1,,,,Bobby Dodd Stadium,,,,,,,,
313300077,2011,13,,,1,,,,Ryan Field,,,,,,,,
313300130,2011,13,,,1,,,,Michigan Stadium,,,,,,,,
313300096,2011,13,,,1,,,,Kroger Field,,,,,,,,
313300098,2011,13,,,1,,,,Houchens Industries-L.T. Smith Stadium,,,,,,,,
313300152,2011,13,,,1,,,,Carter-Finley Stadium,,,,,,,,
313300328,2011,13,,,1,,,,Maverik Stadium,,,,,,,,
313300068,2011,13,,,1,,,,Albertsons Stadium,,,,,,,,
313300002,2011,13,,,1,,,,Jordan-Hare Stadium,,,,,,,,
313300258,2011,13,,,1,,,,Scott Stadium,,,,,,,,
313300275,2011,13,,,1,,,,Camp Randall Stadium,,,,,,,,
313300276,2011,13,,,1,,,,Joan C. Edwards Stadium,,,,,,,,
313300154,2011,13,,,1,,,,Allegacy Federal Credit Union Stadium,,,,,,,,
313300153,2011,13,,,1,,,,Kenan Stadium,,,,,,,,
313302305,2011,13,,,1,,,,,,,,,,,,
313292393,2011,13,,,1,,,,"Johnny ""Red"" Floyd Stadium",,,,,,,,
313300135,2011,13,,,1,,,,Huntington Bank Stadium,,,,,,,,
313300084,2011,13,,,1,,,,"Memorial Stadium (Bloomington, IN)",,,,,,,,
313302483,2011,13,,,1,,,,Autzen Stadium,,,,,,,,
313302348,2011,13,,,1,,,,Joe Aillet Stadium,,,,,,,,
313302226,2011,13,,,1,,,,FAU Stadium,,,,,,,,
313302572,2011,13,,,1,,,,M. M. Roberts Stadium,,,,,,,,
313300012,2011,13,,,1,,,,Arizona Stadium,,,,,,,,
313300036,2011,13,,,1,,,,Sonny Lubick Field at Hughes Stadium,,,,,,,,
313300344,2011,13,,,1,,,,Davis Wade Stadium,,,,,,,,
313300057,2011,13,,,1,,,,Ben Hill Griffin Stadium,,,,,,,,
313300239,2011,13,,,1,,,,Floyd Casey Stadium,,,,,,,,
313300264,2011,13,,,1,,,,,,,,,,,,
313302579,2011,13,,,1,,,,Williams-Brice Stadium,,,,,,,,
313300024,2011,13,,,1,,,,Stanford Stadium,,,,,,,,
313300278,2011,13,,,1,,,,Valley Children's Stadium,,,,,,,,
313302439,2011,13,,,1,,,,Sam Boyd Stadium,,,,,,,,
313300030,2011,13,,,1,,,,Los Angeles Memorial Coliseum,,,,,,,,
313300062,2011,13,,,1,,,,Aloha Stadium,,,,,,,,
313350058,2011,14,,,1,,,,Raymond James Stadium,,,,,,,,
313362459,2011,14,,,1,,,,,,,,,,,,
313362483,2011,14,,,1,,,,,,,,,,,,
313370221,2011,14,,,1,,,,Acrisure Stadium,,,,,,,,
313370248,2011,14,,,1,,,,,,,,,,,,
313372132,2011,14,,,1,,,,Nippert Stadium,,,,,,,,
313372306,2011,14,,,1,,,,Bill Snyder Family Stadium,,,,,,,,
313370036,2011,14,,,1,,,,Sonny Lubick Field at Hughes Stadium,,,,,,,,
313372628,2011,14,,,1,,,,Amon G. Carter Stadium,,,,,,,,
313370166,2011,14,,,1,,,,Aggie Memorial Stadium,,,,,,,,
313370239,2011,14,,,1,,,,Floyd Casey Stadium,,,,,,,,
313370099,2011,14,,,1,,,,,,,,,,,,
313370249,2011,14,,,1,,,,DATCU Stadium,,,,,,,,
313362226,2011,14,,,1,,,,,,,,,,,,
313372440,2011,14,,,1,,,,Mackay Stadium,,,,,,,,
313362032,2011,14,,,1,,,,Centennial Bank Stadium,,,,,,,,
313370068,2011,14,,,1,,,,Albertsons Stadium,,,,,,,,
313370062,2011,14,,,1,,,,Aloha Stadium,,,,,,,,
313370228,2011,14,,,1,,,,,,,,,,,,
313370021,2011,14,,,1,,,,Qualcomm Stadium,,,,,,,,
313370197,2011,14,,,1,,,,Boone Pickens Stadium,,,,,,,,
313370127,2011,14,,,1,,,,,,,,,,,,
313442426,2011,15,,,1,,,,,,,,,,,,
